-- public.agent_user_pair definition

-- Drop table

-- DROP TABLE public.agent_user_pair;

CREATE TABLE public.agent_user_pair (
	id bigserial NOT NULL,
	agent_id varchar(255) NOT NULL,
	user_id varchar(255) NOT NULL,
	paired_at timestamp NOT NULL,
	status varchar(255) NOT NULL,
	ended_at timestamp(6) NULL,
	started_at timestamp(6) NULL,
	CONSTRAINT agent_user_pair_pkey PRIMARY KEY (id)
);


-- public.events definition

-- Drop table

-- DROP TABLE public.events;

CREATE TABLE public.events (
	id bigserial NOT NULL,
	sessions_id varchar(20) NULL,
	type varchar(50) NOT NULL,
	sender_type varchar(10) NULL,
	sender_id varchar(20) NULL,
	payload jsonb NOT NULL,
	created_at timestamptz DEFAULT now() NULL,
	CONSTRAINT events_pkey PRIMARY KEY (id),
	CONSTRAINT events_sender_type_check CHECK (((sender_type)::text = ANY ((ARRAY['user'::character varying, 'agent'::character varying, 'bot'::character varying, 'system'::character varying])::text[])))
);


-- public.process_instance definition

-- Drop table

-- DROP TABLE public.process_instance;

CREATE TABLE public.process_instance (
	id uuid NOT NULL,
	chat_session_id varchar(255) NOT NULL,
	created_at timestamp(6) NULL,
	current_step_name varchar(255) NULL,
	end_time timestamp(6) NULL,
	process_name varchar(255) NOT NULL,
	start_time timestamp(6) NULL,
	status varchar(255) NOT NULL,
	updated_at timestamp(6) NULL,
	CONSTRAINT process_instance_pkey PRIMARY KEY (id)
);


-- public.rob_intent definition

-- Drop table

-- DROP TABLE public.rob_intent;

CREATE TABLE public.rob_intent (
	id bigserial NOT NULL,
	name varchar(100) NOT NULL,
	description varchar(255) NULL,
	response_text varchar(255) NOT NULL,
	created_at timestamp DEFAULT CURRENT_TIMESTAMP NULL,
	CONSTRAINT rob_intent_name_key UNIQUE (name),
	CONSTRAINT rob_intent_pkey PRIMARY KEY (id)
);


-- public.sessions definition

-- Drop table

-- DROP TABLE public.sessions;

CREATE TABLE public.sessions (
	id varchar(255) NOT NULL,
	user_id varchar(255) NOT NULL,
	agent_id varchar(255) NULL,
	started_at timestamptz DEFAULT now() NOT NULL,
	ended_at timestamptz NULL,
	status varchar(255) DEFAULT 'active'::character varying NULL,
	CONSTRAINT sessions_pkey PRIMARY KEY (id)
);


-- public.topic definition

-- Drop table

-- DROP TABLE public.topic;

CREATE TABLE public.topic (
	id bigserial NOT NULL,
	name varchar(255) NOT NULL,
	description varchar(255) NULL,
	status varchar(20) DEFAULT 'active'::character varying NULL,
	created_at timestamptz DEFAULT now() NULL,
	updated_at timestamptz DEFAULT now() NULL,
	CONSTRAINT topic_pkey PRIMARY KEY (id)
);


-- public.users definition

-- Drop table

-- DROP TABLE public.users;

CREATE TABLE public.users (
	id serial4 NOT NULL,
	name varchar(100) NOT NULL,
	description text NULL,
	type varchar(10) NULL,
	status varchar(20) DEFAULT 'active'::character varying NULL,
	created_at timestamptz DEFAULT now() NULL,
	updated_at timestamptz DEFAULT now() NULL,
	CONSTRAINT users_pkey PRIMARY KEY (id),
	CONSTRAINT users_type_check CHECK (((type)::text = ANY ((ARRAY['user'::character varying, 'agent'::character varying, 'bot'::character varying, 'system'::character varying])::text[])))
);


-- public.issues definition

-- Drop table

-- DROP TABLE public.issues;

CREATE TABLE public.issues (
	id serial4 NOT NULL,
	session_id varchar(255) NULL,
	topic_id int8 NULL,
	status varchar(20) DEFAULT 'active'::character varying NULL,
	created_at timestamptz DEFAULT now() NULL,
	updated_at timestamptz DEFAULT now() NULL,
	CONSTRAINT issues_pkey PRIMARY KEY (id),
	CONSTRAINT issues_session_id_fkey FOREIGN KEY (session_id) REFERENCES public.sessions(id) ON DELETE CASCADE,
	CONSTRAINT issues_topic_id_fkey FOREIGN KEY (topic_id) REFERENCES public.topic(id) ON DELETE CASCADE
);


-- public.process_step definition

-- Drop table

-- DROP TABLE public.process_step;

CREATE TABLE public.process_step (
	id int8 GENERATED BY DEFAULT AS IDENTITY( INCREMENT BY 1 MINVALUE 1 MAXVALUE 9223372036854775807 START 1 CACHE 1 NO CYCLE) NOT NULL,
	end_time timestamp(6) NULL,
	log_message varchar(255) NULL,
	start_time timestamp(6) NULL,
	status varchar(255) NOT NULL,
	step_name varchar(255) NOT NULL,
	step_order int4 NOT NULL,
	process_id uuid NOT NULL,
	CONSTRAINT process_step_pkey PRIMARY KEY (id),
	CONSTRAINT fk369ts9b4ykwt32x77xswbw16w FOREIGN KEY (process_id) REFERENCES public.process_instance(id)
);


-- public.rob_examples definition

-- Drop table

-- DROP TABLE public.rob_examples;

CREATE TABLE public.rob_examples (
	id bigserial NOT NULL,
	intent_name varchar(100) NOT NULL,
	example_text varchar(255) NOT NULL,
	created_at timestamp DEFAULT CURRENT_TIMESTAMP NULL,
	CONSTRAINT rob_examples_pkey PRIMARY KEY (id),
	CONSTRAINT fk_example_intent FOREIGN KEY (intent_name) REFERENCES public.rob_intent("name") ON DELETE CASCADE
);
Guang

-- public.rob_responses definition

-- Drop table

-- DROP TABLE public.rob_responses;

CREATE TABLE public.rob_responses (
	id serial4 NOT NULL,
	intent_name varchar(100) NOT NULL,
	response_text text NOT NULL,
	created_at timestamp DEFAULT CURRENT_TIMESTAMP NULL,
	CONSTRAINT rob_responses_intent_name_key UNIQUE (intent_name),
	CONSTRAINT rob_responses_pkey PRIMARY KEY (id),
	CONSTRAINT fk_utter_intent FOREIGN KEY (intent_name) REFERENCES public.rob_intent("name") ON DELETE CASCADE
);


-- public.subtopic definition

-- Drop table

-- DROP TABLE public.subtopic;

CREATE TABLE public.subtopic (
	id serial4 NOT NULL,
	name varchar(255) NOT NULL,
	status varchar(15) DEFAULT 'active'::character varying NOT NULL,
	priority int4 DEFAULT 1 NOT NULL,
	start_time timestamp DEFAULT CURRENT_TIMESTAMP NULL,
	end_time timestamp DEFAULT CURRENT_TIMESTAMP NULL,
	created_at timestamptz DEFAULT CURRENT_TIMESTAMP NULL,
	updated_at timestamptz DEFAULT CURRENT_TIMESTAMP NULL,
	topic_id int8 NOT NULL,
	CONSTRAINT subtopic_pkey PRIMARY KEY (id),
	CONSTRAINT fknw8n22hxt334w98uk45hu4gs FOREIGN KEY (topic_id) REFERENCES public.topic(id)
);


-- public.intent definition

-- Drop table

-- DROP TABLE public.intent;

CREATE TABLE public.intent (
	id serial4 NOT NULL,
	name varchar(100) NOT NULL,
	description text NULL,
	created_at timestamptz DEFAULT now() NULL,
	updated_at timestamptz DEFAULT now() NULL,
	subtopic_id int4 DEFAULT 1 NOT NULL,
	CONSTRAINT intent_name_key UNIQUE (name),
	CONSTRAINT intent_pkey PRIMARY KEY (id),
	CONSTRAINT fkfwblieqg22bh3xvyooj3it1ur FOREIGN KEY (subtopic_id) REFERENCES public.subtopic(id)
);


-- public.process_event_log definition

-- Drop table

-- DROP TABLE public.process_event_log;

CREATE TABLE public.process_event_log (
	id int8 GENERATED BY DEFAULT AS IDENTITY( INCREMENT BY 1 MINVALUE 1 MAXVALUE 9223372036854775807 START 1 CACHE 1 NO CYCLE) NOT NULL,
	created_at timestamp(6) NULL,
	event_type varchar(255) NOT NULL,
	message varchar(255) NULL,
	process_id uuid NOT NULL,
	step_id int8 NULL,
	CONSTRAINT process_event_log_pkey PRIMARY KEY (id),
	CONSTRAINT fkbwjpmvs3pily84qmt6gqmt0rl FOREIGN KEY (process_id) REFERENCES public.process_instance(id),
	CONSTRAINT fkjekqjx15ap7eju8kbjchi7dtg FOREIGN KEY (step_id) REFERENCES public.process_step(id)
);


INSERT INTO public.intent ("name",description,created_at,updated_at,subtopic_id) VALUES
	 ('faq_member','關於會員的常見問題','2025-05-06 11:06:41.051+08','2025-05-06 11:06:41.051+08',1),
	 ('faq_shopping','關於購物的常見問題','2025-05-06 11:06:41.051+08','2025-05-06 11:06:41.051+08',1),
	 ('faq_payment','關於付款的常見問題','2025-05-06 11:06:41.051+08','2025-05-06 11:06:41.051+08',1),
	 ('faq_return','關於退貨的常見問題','2025-05-06 11:06:41.051+08','2025-05-06 11:06:41.051+08',1),
	 ('faq_invoice','關於發票的常見問題','2025-05-06 11:06:41.051+08','2025-05-06 11:06:41.051+08',1),
	 ('greet','打招呼 你好！','2025-05-06 11:06:41.051+08','2025-05-06 11:06:41.051+08',1),
	 ('goodbye','道別','2025-05-06 11:06:41.051+08','2025-05-06 11:06:41.051+08',1),
	 ('fallback','備援處理','2025-05-06 11:06:41.051+08','2025-05-06 11:06:41.051+08',1),
	 ('help_customer','提供資訊給客戶目前有哪些功能','2025-05-06 11:06:41.051+08','2025-05-06 11:06:41.051+08',1),
	 ('query_order','查詢訂單','2025-05-06 11:06:41.051+08','2025-05-06 11:06:41.051+08',4);
INSERT INTO public.intent ("name",description,created_at,updated_at,subtopic_id) VALUES
	 ('place_order','下訂單','2025-05-06 11:06:41.051+08','2025-05-06 11:06:41.051+08',5),
	 ('transfer_to_human','轉接真人客服','2025-05-06 11:06:41.051+08','2025-05-06 11:06:41.051+08',2),
	 ('cancel_transfer','取消轉接真人客服','2025-05-06 11:06:41.051+08','2025-05-06 11:06:41.051+08',3);

INSERT INTO public.issues (session_id,topic_id,status,created_at,updated_at) VALUES
	 ('MN1059N85QX7',1,'active','2025-05-21 03:39:26.676608+08','2025-05-21 03:39:26.676609+08'),
	 ('1W8Q5VXRK429',1,'active','2025-05-21 03:48:03.383664+08','2025-05-21 03:48:03.383665+08'),
	 ('YOQNLJZ7KX3G',1,'active','2025-05-21 03:51:15.683339+08','2025-05-21 03:51:15.68334+08'),
	 ('NW4RLOYNKJM7',1,'active','2025-05-21 03:52:39.450018+08','2025-05-21 03:52:39.450019+08'),
	 ('G02RKRQPLEZ6',1,'active','2025-05-21 03:53:25.745993+08','2025-05-21 03:53:25.745994+08'),
	 ('XM19KQ105V72',1,'active','2025-05-21 03:53:29.182074+08','2025-05-21 03:53:29.182075+08'),
	 ('G02DKYP7KR3Z',1,'active','2025-05-21 03:53:32.306295+08','2025-05-21 03:53:32.306295+08'),
	 ('GM2NL0E8L861',1,'active','2025-05-21 03:54:58.367306+08','2025-05-21 03:54:58.367307+08'),
	 ('VD6NL822L28Y',1,'active','2025-05-21 03:55:45.746765+08','2025-05-21 03:55:45.746766+08'),
	 ('63XWKGN75Q12',1,'active','2025-05-21 15:16:20.838875+08','2025-05-21 15:16:20.838876+08');
INSERT INTO public.issues (session_id,topic_id,status,created_at,updated_at) VALUES
	 ('XMVQKXVY560J',1,'active','2025-05-21 15:16:39.16663+08','2025-05-21 15:16:39.16663+08'),
	 ('64MWK6EXK9ED',1,'active','2025-05-21 15:16:41.203721+08','2025-05-21 15:16:41.203722+08'),
	 ('YGQVK2E45E48',1,'active','2025-05-21 15:17:49.038273+08','2025-05-21 15:17:49.038274+08'),
	 ('W6GM5PWGLZVO',1,'active','2025-05-21 15:17:49.599523+08','2025-05-21 15:17:49.599525+08'),
	 ('Y1M2LM91KO3P',1,'active','2025-05-21 15:20:56.253835+08','2025-05-21 15:20:56.253835+08'),
	 ('YP715NYVK63R',1,'active','2025-05-21 15:27:23.056895+08','2025-05-21 15:27:23.056896+08'),
	 ('E6Y9LEN6L3X4',1,'active','2025-05-21 15:30:43.274613+08','2025-05-21 15:30:43.274613+08'),
	 ('2VO757E0K9Y1',1,'active','2025-05-21 15:30:45.082859+08','2025-05-21 15:30:45.08286+08'),
	 ('Q9XGL476L873',1,'active','2025-05-21 15:38:42.662375+08','2025-05-21 15:38:42.662376+08'),
	 ('MD2NK1DZ5Q47',1,'active','2025-05-21 15:39:29.28422+08','2025-05-21 15:39:29.284221+08');
INSERT INTO public.issues (session_id,topic_id,status,created_at,updated_at) VALUES
	 ('DO47K32NLWZ1',1,'active','2025-05-21 15:43:33.701765+08','2025-05-21 15:43:33.701765+08'),
	 ('46DY5WQ25QJV',1,'active','2025-05-21 15:43:59.114442+08','2025-05-21 15:43:59.114443+08'),
	 ('RDZ95DP953OX',1,'active','2025-05-21 18:15:17.442877+08','2025-05-21 18:15:17.442877+08');

INSERT INTO public.rob_examples (intent_name,example_text,created_at) VALUES
	 ('faq_member','如何註冊成為會員？','2025-05-06 11:06:41.051639'),
	 ('faq_member','我怎麼加入會員？','2025-05-06 11:06:41.051639'),
	 ('faq_member','我要怎麼成為網站會員？','2025-05-06 11:06:41.051639'),
	 ('faq_shopping','如何進行購物？','2025-05-06 11:06:41.051639'),
	 ('faq_shopping','如何選擇商品並加入購物車？','2025-05-06 11:06:41.051639'),
	 ('faq_shopping','購物流程是什麼？','2025-05-06 11:06:41.051639'),
	 ('faq_payment','付款方式有哪些？','2025-05-06 11:06:41.051639'),
	 ('faq_payment','如何使用信用卡付款？','2025-05-06 11:06:41.051639'),
	 ('faq_payment','支付時遇到問題該怎麼辦？','2025-05-06 11:06:41.051639'),
	 ('faq_return','如何退貨？','2025-05-06 11:06:41.051639');
INSERT INTO public.rob_examples (intent_name,example_text,created_at) VALUES
	 ('faq_return','退貨的流程是什麼？','2025-05-06 11:06:41.051639'),
	 ('faq_return','退貨需要哪些資料？','2025-05-06 11:06:41.051639'),
	 ('faq_invoice','如何索取發票？','2025-05-06 11:06:41.051639'),
	 ('faq_invoice','發票丟失怎麼辦？','2025-05-06 11:06:41.051639'),
	 ('faq_invoice','我可以開電子發票嗎？','2025-05-06 11:06:41.051639'),
	 ('query_order','查詢訂單 202403001','2025-05-06 11:06:41.051639'),
	 ('query_order','我想查一下訂單狀態','2025-05-06 11:06:41.051639'),
	 ('query_order','查詢我的訂單','2025-05-06 11:06:41.051639'),
	 ('place_order','我要下訂單','2025-05-06 11:06:41.051639'),
	 ('place_order','幫我訂購一台手機','2025-05-06 11:06:41.051639');
INSERT INTO public.rob_examples (intent_name,example_text,created_at) VALUES
	 ('place_order','我想買一台筆記型電腦','2025-05-06 11:06:41.051639'),
	 ('transfer_to_human','轉接給客服','2025-05-06 11:06:41.051639'),
	 ('transfer_to_human','請幫我找真人客服','2025-05-06 11:06:41.051639'),
	 ('transfer_to_human','我需要人工服務','2025-05-06 11:06:41.051639'),
	 ('cancel_transfer','取消轉接','2025-05-06 11:06:41.051639'),
	 ('cancel_transfer','我不想轉接給客服','2025-05-06 11:06:41.051639'),
	 ('cancel_transfer','停止轉接給人工客服','2025-05-06 11:06:41.051639'),
	 ('greet','你好','2025-05-06 11:06:41.051639'),
	 ('greet','嗨','2025-05-06 11:06:41.051639'),
	 ('greet','早安','2025-05-06 11:06:41.051639');
INSERT INTO public.rob_examples (intent_name,example_text,created_at) VALUES
	 ('goodbye','再見','2025-05-06 11:06:41.051639'),
	 ('goodbye','謝謝，再見','2025-05-06 11:06:41.051639'),
	 ('goodbye','掰掰','2025-05-06 11:06:41.051639'),
	 ('fallback','不知道怎麼回答你','2025-05-06 11:06:41.051639'),
	 ('fallback','我不懂你在說什麼','2025-05-06 11:06:41.051639'),
	 ('fallback','這問題我無法理解','2025-05-06 11:06:41.051639');

INSERT INTO public.rob_intent ("name",description,response_text,created_at) VALUES
	 ('faq_member','關於會員的常見問題','您可以點選網站右上角的「會員/註冊」，使用手機號碼或其他方式登入成為會員。','2025-05-06 11:06:41.051639'),
	 ('faq_shopping','關於購物的常見問題','您可以在網站中選擇商品並加入購物車，然後前往結帳頁面完成購物流程。','2025-05-06 11:06:41.051639'),
	 ('faq_payment','關於付款的常見問題','我們接受信用卡、PayPal 及其他付款方式。付款過程中若有任何問題，請聯絡客服。','2025-05-06 11:06:41.051639'),
	 ('faq_return','關於退貨的常見問題','退貨請參照我們的退貨政策，並提供訂單編號及商品資訊。','2025-05-06 11:06:41.051639'),
	 ('faq_invoice','關於發票的常見問題','發票可以在結帳時申請，若您遺失發票，可聯繫我們重新開立。','2025-05-06 11:06:41.051639'),
	 ('query_order','查詢訂單','請提供您的訂單編號，我來幫您查詢訂單狀態。','2025-05-06 11:06:41.051639'),
	 ('place_order','下訂單','請告訴我您要訂購的商品，我將協助您完成訂單。','2025-05-06 11:06:41.051639'),
	 ('transfer_to_human','轉接真人客服','轉接給客服中，請稍候。','2025-05-06 11:06:41.051639'),
	 ('cancel_transfer','取消轉接真人客服','已取消轉接，若有其他問題，請告訴我。','2025-05-06 11:06:41.051639'),
	 ('goodbye','道別','再見','2025-05-06 11:06:41.051639');
INSERT INTO public.rob_intent ("name",description,response_text,created_at) VALUES
	 ('fallback','備援處理','抱歉，我無法理解您的問題。可以再說明一下嗎？','2025-05-06 11:06:41.051639'),
	 ('help_customer','提供資訊給客戶目前有哪些功能','需要什麼幫助？我可以幫你解答訂單問題、幫你轉接客服、查詢訂單、下訂單的服務。','2025-05-06 11:06:41.051'),
	 ('greet','打招呼','你好！','2025-05-06 11:06:41.051639');

INSERT INTO public.rob_responses (intent_name,response_text,created_at) VALUES
	 ('faq_member','您可以點選網站右上角的「會員/註冊」，使用手機號碼或其他方式登入成為會員。','2025-05-06 11:06:41.051639'),
	 ('faq_shopping','您可以在網站中選擇商品並加入購物車，然後前往結帳頁面完成購物流程。','2025-05-06 11:06:41.051639'),
	 ('faq_payment','我們接受信用卡、PayPal 及其他付款方式。付款過程中若有任何問題，請聯絡客服。','2025-05-06 11:06:41.051639'),
	 ('faq_return','退貨請參照我們的退貨政策，並提供訂單編號及商品資訊。','2025-05-06 11:06:41.051639'),
	 ('faq_invoice','發票可以在結帳時申請，若您遺失發票，可聯繫我們重新開立。','2025-05-06 11:06:41.051639'),
	 ('query_order','請提供您的訂單編號，我來幫您查詢訂單狀態。','2025-05-06 11:06:41.051639'),
	 ('place_order','請告訴我您要訂購的商品，我將協助您完成訂單。','2025-05-06 11:06:41.051639'),
	 ('transfer_to_human','轉接給客服中，請稍候。','2025-05-06 11:06:41.051639'),
	 ('cancel_transfer','已取消轉接，若有其他問題，請告訴我。','2025-05-06 11:06:41.051639'),
	 ('fallback','抱歉，我無法理解您的問題。可以再說明一下嗎？','2025-05-06 11:06:41.051639');
INSERT INTO public.rob_responses (intent_name,response_text,created_at) VALUES
	 ('help_customer','需要什麼幫助？我可以幫你解答訂單問題、幫你轉接客服、查詢訂單、下訂單的服務','2025-05-10 08:04:57.527911'),
	 ('greet','你好！','2025-05-06 11:06:41.051639'),
	 ('goodbye','再見！','2025-05-06 11:06:41.051639');

INSERT INTO public.sessions (id,user_id,agent_id,started_at,ended_at,status) VALUES
	 ('YGQVK24LE48N','ML1EVGYVY6O0',NULL,'2025-05-19 03:27:54.711747+08',NULL,'active'),
	 ('W6GM5PG5ZVO2','GRW6Q3XVJ8ZO',NULL,'2025-05-20 01:11:46.287466+08',NULL,'active'),
	 ('Y1M2LM15O3PR','156NQ2GQY2KJ',NULL,'2025-05-20 01:14:32.053142+08',NULL,'active'),
	 ('YP715NVK63R0','GRYOVYWPM43X',NULL,'2025-05-20 15:34:27.239462+08',NULL,'active'),
	 ('E6Y9LE6L3X4D','D7LKQ06QGN23',NULL,'2025-05-20 15:34:28.868525+08',NULL,'active'),
	 ('2VO7570K9Y13','7NJXPO8Q1LYW',NULL,'2025-05-20 15:34:29.508193+08',NULL,'active'),
	 ('Q9XGL465873E','30W8V5GVKMZN',NULL,'2025-05-20 15:38:29.815804+08',NULL,'active'),
	 ('MD2NK1ZLQ47J','9K2WQE1VRDJ7',NULL,'2025-05-20 15:53:19.519034+08',NULL,'active'),
	 ('DO47K3NKWZ1J','NWO3VN3V7JMK',NULL,'2025-05-20 15:55:47.480576+08',NULL,'active'),
	 ('46DY5W2KQJVG','60KLP6EPZNW1',NULL,'2025-05-20 16:06:32.885135+08',NULL,'active');
INSERT INTO public.sessions (id,user_id,agent_id,started_at,ended_at,status) VALUES
	 ('RDZ95D9L3OXJ','2DWXP80Q7L63',NULL,'2025-05-20 16:11:46.119281+08',NULL,'active'),
	 ('MOGZKZX51WD0','1R6JPRDQN9LY',NULL,'2025-05-20 16:13:39.11403+08',NULL,'active'),
	 ('MN10598KQX7G','KD1XQ1RQR354',NULL,'2025-05-20 16:15:05.770589+08',NULL,'active'),
	 ('1W8Q5VRK429P','R82GQKNQE3O1',NULL,'2025-05-20 17:28:47.885853+08',NULL,'active'),
	 ('YOQNLJ75X3GZ','74JOVWJQ61XD',NULL,'2025-05-20 17:33:34.198341+08',NULL,'active'),
	 ('NW4RLON5JM7Y','EMNLVJWPG72K',NULL,'2025-05-20 17:33:57.163507+08',NULL,'active'),
	 ('G02RKRP5EZ6N','D7R0V4XV8XE6',NULL,'2025-05-20 17:36:44.412969+08',NULL,'active'),
	 ('XM19KQ0KV72R','N906VZXP71LG',NULL,'2025-05-20 17:50:41.130016+08',NULL,'active'),
	 ('G02DKYQ75R3Z','X635QX8VE17M',NULL,'2025-05-20 17:52:06.324886+08',NULL,'active'),
	 ('GM2NL0885861','LOXDVL5WPMR0',NULL,'2025-05-20 17:54:10.267658+08',NULL,'active');
INSERT INTO public.sessions (id,user_id,agent_id,started_at,ended_at,status) VALUES
	 ('VD6NL8E2K28Y','K60GQMNNV14M',NULL,'2025-05-20 17:56:39.686887+08',NULL,'active'),
	 ('63XWKGJ7KQ12','GZDEP984VKN0',NULL,'2025-05-20 18:05:09.499861+08',NULL,'active'),
	 ('XMVQKX2Y560J','2N9RV7E1QXYO',NULL,'2025-05-20 18:06:28.564621+08',NULL,'active'),
	 ('64MWK61X59ED','LY3NQDDXQJ9O',NULL,'2025-05-20 18:06:57.895409+08',NULL,'active'),
	 ('YGQVK2X4LE48','ML1EVG2YVY6O',NULL,'2025-05-20 18:10:10.112175+08',NULL,'active'),
	 ('W6GM5P8G5ZVO','GRW6Q3WXQJ8Z',NULL,'2025-05-20 18:10:16.188139+08',NULL,'active'),
	 ('Y1M2LME1KO3P','156NQ2EGVY2K',NULL,'2025-05-20 18:12:14.342203+08',NULL,'active'),
	 ('YP715N1VL63R','GRYOVYNWPM43',NULL,'2025-05-20 18:12:15.230942+08',NULL,'active'),
	 ('E6Y9LEZ6L3X4','D7LKQ0Z6QGN2',NULL,'2025-05-20 18:12:22.128545+08',NULL,'active'),
	 ('2VO75760K9Y1','7NJXPO48P1LY',NULL,'2025-05-20 18:20:25.551429+08',NULL,'active');
INSERT INTO public.sessions (id,user_id,agent_id,started_at,ended_at,status) VALUES
	 ('Q9XGL4P6K873','30W8V5ZGPKMZ',NULL,'2025-05-20 18:26:39.421272+08',NULL,'active'),
	 ('MD2NK1WZLQ47','9K2WQE01QRDJ',NULL,'2025-05-20 18:26:46.030908+08',NULL,'active'),
	 ('DO47K37N5WZ1','NWO3VNE3V7JM',NULL,'2025-05-20 18:26:59.227309+08',NULL,'active'),
	 ('46DY5W72LQJV','60KLP6KEPZNW',NULL,'2025-05-20 18:27:16.08779+08',NULL,'active'),
	 ('RDZ95D39L3OX','2DWXP8Z0Q7L6',NULL,'2025-05-20 18:27:18.546802+08',NULL,'active'),
	 ('MOGZKZ9XK1WD','1R6JPR6DVN9L',NULL,'2025-05-20 22:22:51.832335+08',NULL,'active'),
	 ('MN1059N85QX7','KD1XQ1ZRPR35',NULL,'2025-05-21 03:39:26.290729+08',NULL,'active'),
	 ('1W8Q5VXRK429','R82GQKWNQE3O',NULL,'2025-05-21 03:48:03.061834+08',NULL,'active'),
	 ('YOQNLJZ7KX3G','74JOVWKJV61X',NULL,'2025-05-21 03:51:15.35358+08',NULL,'active'),
	 ('NW4RLOYNKJM7','EMNLVJ4WQG72',NULL,'2025-05-21 03:52:39.319319+08',NULL,'active');
INSERT INTO public.sessions (id,user_id,agent_id,started_at,ended_at,status) VALUES
	 ('G02RKRQPLEZ6','D7R0V4ZXQ8XE',NULL,'2025-05-21 03:53:25.651754+08',NULL,'active'),
	 ('XM19KQ105V72','N906VZZXV71L',NULL,'2025-05-21 03:53:29.111824+08',NULL,'active'),
	 ('G02DKYP7KR3Z','X635QXW8PE17',NULL,'2025-05-21 03:53:32.231531+08',NULL,'active'),
	 ('GM2NL0E8L861','LOXDVLYWPMR0',NULL,'2025-05-21 03:54:58.224178+08',NULL,'active'),
	 ('VD6NL822L28Y','K60GQM0NV14M',NULL,'2025-05-21 03:55:45.647712+08',NULL,'active'),
	 ('63XWKGN75Q12','GZDEP944QKN0',NULL,'2025-05-21 15:16:20.612555+08',NULL,'active'),
	 ('XMVQKXVY560J','2N9RV761QXYO',NULL,'2025-05-21 15:16:39.060194+08',NULL,'active'),
	 ('64MWK6EXK9ED','LY3NQD8XQJ9O',NULL,'2025-05-21 15:16:41.12814+08',NULL,'active'),
	 ('YGQVK2E45E48','ML1EVG4YQY6O',NULL,'2025-05-21 15:17:48.979514+08',NULL,'active'),
	 ('W6GM5PWGLZVO','GRW6Q3NXQJ8Z',NULL,'2025-05-21 15:17:49.536286+08',NULL,'active');
INSERT INTO public.sessions (id,user_id,agent_id,started_at,ended_at,status) VALUES
	 ('Y1M2LM91KO3P','156NQ20GVY2K',NULL,'2025-05-21 15:20:56.113625+08',NULL,'active'),
	 ('YP715NYVK63R','GRYOVYRWQM43',NULL,'2025-05-21 15:27:22.903574+08',NULL,'active'),
	 ('E6Y9LEN6L3X4','D7LKQ0E6QGN2',NULL,'2025-05-21 15:30:43.164458+08',NULL,'active'),
	 ('2VO757E0K9Y1','7NJXPOW8V1LY',NULL,'2025-05-21 15:30:45.018434+08',NULL,'active'),
	 ('Q9XGL476L873','30W8V54GQKMZ',NULL,'2025-05-21 15:38:42.512605+08',NULL,'active'),
	 ('MD2NK1DZ5Q47','9K2WQE31QRDJ',NULL,'2025-05-21 15:39:29.217623+08',NULL,'active'),
	 ('DO47K32NLWZ1','NWO3VND3Q7JM',NULL,'2025-05-21 15:43:33.551614+08',NULL,'active'),
	 ('46DY5WQ25QJV','60KLP6JEVZNW',NULL,'2025-05-21 15:43:59.051108+08',NULL,'active'),
	 ('RDZ95DP953OX','2DWXP8N0Q7L6',NULL,'2025-05-21 18:15:17.259899+08',NULL,'active'),
	 ('MOGZKZ6XK1WD','1R6JPRYDQN9L',NULL,'2025-05-22 04:42:00.295089+08',NULL,'active');
INSERT INTO public.sessions (id,user_id,agent_id,started_at,ended_at,status) VALUES
	 ('MN105948LQX7','KD1XQ1YRVR35',NULL,'2025-05-22 04:44:52.149278+08',NULL,'active'),
	 ('1W8Q5V2R5429','R82GQK8NPE3O',NULL,'2025-05-22 04:47:09.975019+08',NULL,'active'),
	 ('YOQNLJ175X3G','74JOVWWJV61X',NULL,'2025-05-22 04:49:33.294003+08',NULL,'active'),
	 ('NW4RLO0N5JM7','EMNLVJYWVG72',NULL,'2025-05-22 04:50:24.47019+08',NULL,'active'),
	 ('G02RKRYP5EZ6','D7R0V42XP8XE',NULL,'2025-05-22 04:50:29.878815+08',NULL,'active'),
	 ('XM19KQG0LV72','N906VZDXQ71L',NULL,'2025-05-22 04:50:32.964357+08',NULL,'active'),
	 ('G02DKY17LR3Z','X635QX48QE17',NULL,'2025-05-26 17:44:43.533487+08',NULL,'active'),
	 ('GM2NL0P85861','LOXDVLNWQMR0',NULL,'2025-05-26 17:56:27.274448+08',NULL,'active'),
	 ('VD6NL8Z2K28Y','K60GQMZNV14M',NULL,'2025-05-26 18:06:02.793853+08',NULL,'active'),
	 ('63XWKG77LQ12','GZDEP964PKN0',NULL,'2025-05-26 18:06:11.305764+08',NULL,'active');
INSERT INTO public.sessions (id,user_id,agent_id,started_at,ended_at,status) VALUES
	 ('XMVQKXZYL60J','2N9RV711VXYO',NULL,'2025-05-26 18:06:47.996698+08',NULL,'active'),
	 ('64MWK6NXK9ED','LY3NQDGXQJ9O',NULL,'2025-05-26 18:07:20.504145+08',NULL,'active'),
	 ('YGQVK2645E48','ML1EVG3YPY6O',NULL,'2025-05-26 18:07:53.570221+08',NULL,'active'),
	 ('W6GM5PJG5ZVO','GRW6Q3EXQJ8Z',NULL,'2025-05-26 18:08:02.399342+08',NULL,'active'),
	 ('Y1M2LM415O3P','156NQ2WGVY2K',NULL,'2025-05-26 18:10:11.374767+08',NULL,'active'),
	 ('YP715N2VK63R','GRYOVY3WPM43',NULL,'2025-05-26 18:10:32.948609+08',NULL,'active'),
	 ('E6Y9LE46K3X4','D7LKQ006QGN2',NULL,'2025-05-26 18:11:08.582674+08',NULL,'active'),
	 ('2VO757N0K9Y1','7NJXPON8V1LY',NULL,'2025-05-26 18:12:59.618101+08',NULL,'active'),
	 ('Q9XGL426K873','30W8V5XGQKMZ',NULL,'2025-05-26 18:13:01.479697+08',NULL,'active'),
	 ('MD2NK1MZ5Q47','9K2WQEG1PRDJ',NULL,'2025-05-26 18:19:25.703178+08',NULL,'active');
INSERT INTO public.sessions (id,user_id,agent_id,started_at,ended_at,status) VALUES
	 ('DO47K36NKWZ1','NWO3VNN3V7JM',NULL,'2025-05-26 18:19:27.316455+08',NULL,'active'),
	 ('46DY5WO2LQJV','60KLP6ZEPZNW',NULL,'2025-05-27 00:45:09.258838+08',NULL,'active'),
	 ('RDZ95DE9L3OX','2DWXP860Q7L6',NULL,'2025-05-27 00:47:11.668447+08',NULL,'active'),
	 ('MOGZKZMXL1WD','1R6JPRWDVN9L',NULL,'2025-05-27 00:47:51.213651+08',NULL,'active'),
	 ('MN1059O8LQX7','KD1XQ1WRPR35',NULL,'2025-05-27 00:47:58.923706+08',NULL,'active'),
	 ('1W8Q5VZRL429','R82GQK0NQE3O',NULL,'2025-05-27 00:58:01.038885+08',NULL,'active'),
	 ('YOQNLJQ7KX3G','74JOVW4JP61X',NULL,'2025-05-27 00:58:34.048481+08',NULL,'active'),
	 ('NW4RLO9N5JM7','EMNLVJ5WVG72',NULL,'2025-05-27 01:06:59.261472+08',NULL,'active'),
	 ('G02RKRXPKEZ6','D7R0V4NXQ8XE',NULL,'2025-05-27 01:07:44.21581+08',NULL,'active'),
	 ('XM19KQJ0LV72','N906VZ4XP71L',NULL,'2025-05-27 01:08:07.235779+08',NULL,'active');
INSERT INTO public.sessions (id,user_id,agent_id,started_at,ended_at,status) VALUES
	 ('G02DKY075R3Z','X635QXK8PE17',NULL,'2025-05-27 01:08:38.311+08',NULL,'active'),
	 ('GM2NL0D85861','LOXDVL9WQMR0',NULL,'2025-05-27 01:09:30.354899+08',NULL,'active'),
	 ('VD6NL8O2528Y','K60GQM7NP14M',NULL,'2025-05-27 01:16:51.265089+08',NULL,'active'),
	 ('63XWKG17LQ12','GZDEP974QKN0',NULL,'2025-05-27 01:16:57.56062+08',NULL,'active'),
	 ('G02DKY005R3Z','2N9RV7M1PXYO',NULL,'2025-05-27 01:18:32.976837+08',NULL,'active'),
	 ('GM2NL0DG5861','LOXDVL99QMR0',NULL,'2025-05-27 01:19:01.160797+08',NULL,'active'),
	 ('VD6NL8OR528Y','K60GQM75P14M',NULL,'2025-05-27 01:19:19.253028+08',NULL,'active'),
	 ('63XWKG13LQ12','GZDEP97DQKN0',NULL,'2025-05-27 01:20:06.66009+08',NULL,'active'),
	 ('XMVQKXY4560J','2N9RV7MOPXYO',NULL,'2025-05-27 01:25:22.055205+08',NULL,'active'),
	 ('64MWK692K9ED','LY3NQDXLPJ9O',NULL,'2025-05-27 01:26:21.874739+08',NULL,'active');
INSERT INTO public.sessions (id,user_id,agent_id,started_at,ended_at,status) VALUES
	 ('YGQVK2N25E48','ML1EVG59VY6O',NULL,'2025-05-27 01:26:41.713222+08',NULL,'active'),
	 ('W6GM5PMX5ZVO','GRW6Q318VJ8Z',NULL,'2025-05-27 01:26:51.630334+08',NULL,'active'),
	 ('Y1M2LMWQKO3P','156NQ219PY2K',NULL,'2025-05-27 01:27:09.438891+08',NULL,'active'),
	 ('YP715N7EL63R','GRYOVY7OQM43',NULL,'2025-05-27 01:27:14.577408+08',NULL,'active'),
	 ('E6Y9LERVK3X4','D7LKQ0JRPGN2',NULL,'2025-05-27 01:27:16.583189+08',NULL,'active'),
	 ('2VO757ZXK9Y1','7NJXPOG0Q1LY',NULL,'2025-05-27 01:27:18.325409+08',NULL,'active'),
	 ('Q9XGL4Z15873','30W8V513QKMZ',NULL,'2025-05-27 01:27:58.011827+08',NULL,'active'),
	 ('MD2NK1N3LQ47','9K2WQE8KPRDJ',NULL,'2025-05-27 01:29:04.956277+08',NULL,'active'),
	 ('DO47K31V5WZ1','NWO3VNZ5V7JM',NULL,'2025-05-27 01:38:45.891697+08',NULL,'active');

INSERT INTO public.subtopic ("name",status,priority,start_time,end_time,created_at,updated_at,topic_id) VALUES
	 ('FQA_QUESTION','active',1,'2025-05-22 03:40:59.895862','2025-05-22 03:40:59.895862','2025-05-22 03:40:59.895862+08','2025-05-22 03:40:59.895862+08',1),
	 ('TRANSFER_AGENT','active',1,'2025-05-22 03:40:59.895862','2025-05-22 03:40:59.895862','2025-05-22 03:40:59.895862+08','2025-05-22 03:40:59.895862+08',1),
	 ('CANCEL_TRANSFER_AGENT','active',1,'2025-05-22 03:40:59.895862','2025-05-22 03:40:59.895862','2025-05-22 03:40:59.895862+08','2025-05-22 03:40:59.895862+08',1),
	 ('QUERY_ORDER','active',1,'2025-05-22 03:40:59.895862','2025-05-22 03:40:59.895862','2025-05-22 03:40:59.895862+08','2025-05-22 03:40:59.895862+08',3),
	 ('PLACE_ORDER','active',1,'2025-05-22 03:40:59.895862','2025-05-22 03:40:59.895862','2025-05-22 03:40:59.895862+08','2025-05-22 03:40:59.895862+08',4);

INSERT INTO public.topic ("name",description,status,created_at,updated_at) VALUES
	 ('QUERY_ORDER','Query order status','active','2025-05-20 20:58:13.946274+08','2025-05-20 20:58:13.946274+08'),
	 ('PLACE_ORDER','Place a new order','active','2025-05-20 20:58:13.946274+08','2025-05-20 20:58:13.946274+08'),
	 ('SINGLE_TURN','single turn','active','2025-05-20 20:58:13.946274+08','2025-05-20 20:58:13.946274+08');
